,mean_fit_time,std_fit_time,mean_score_time,std_score_time,params,split0_test_score,split1_test_score,split2_test_score,split3_test_score,split4_test_score,split5_test_score,split6_test_score,split7_test_score,split8_test_score,split9_test_score,mean_test_score,std_test_score,rank_test_score
0,0.010254120826721192,0.0006214057382347103,0.0002016782760620117,0.0006050348281860352,{},-1.031926423260899e+26,-3.3341829398589546e+26,-1.91268350147997e+23,-5.283504834014402e+24,-3.000242195616164e+26,-1.0135069421496378e+24,-1.6056492456791255e+26,-6.925218621344452e+23,-5.892372944192105e+25,-5.396896462925907e+22,-9.633585808365111e+25,1.2178160763694413e+26,1
1,0.011855888366699218,0.003170932796120606,0.0,0.0,{},-9.33969091078175e+22,-1.9752810774433437e+24,-4.913392623935984e+23,-3.2909811994431635e+22,-3.760787357100218e+25,-5.314506030348693e+24,-2.533181744138649e+23,-2.0971937531695517e+25,-2.3808826383116257e+25,-3.780710114561157e+25,-1.2835648989712728e+25,1.4951032336794335e+25,1
2,0.01620166301727295,0.012226010951663112,0.0033258914947509764,0.006176623220749288,{},-2.6300447751238443e+23,-2.9004597655481884e+25,-5.174652542130505e+24,-9.776545578384093e+25,-9.731502604839158e+23,-2.724153380724771e+25,-1.3327650396879347e+24,-9.459210954329645e+23,-8.740776529271938e+23,-1.0193387148405768e+26,-2.655090297988031e+25,3.809683729922705e+25,1
3,0.012237334251403808,0.008380308650798985,0.0,0.0,{},-5.646268733614352e+24,-1.9729927558563053e+24,-7.068048900881474e+23,-3.966532384103334e+25,-3.5458088153931204e+22,-1.0768075439629814e+23,-5.914108569692039e+23,-9.183061886956704e+25,-9.826435130724736e+25,-3.5825420757261296e+25,-2.746463308541873e+25,3.6659403331050035e+25,1
4,0.011585712432861328,0.0063898468679361685,0.0,0.0,{},-1.7793182755908427e+26,-1.5078352554300382e+26,-1.532639749065412e+23,-1.779965760302956e+24,-2.687229076471346e+24,-5.410985414426237e+25,-3.4378558027647297e+25,-1.365351448678199e+25,-2.659138303439826e+21,-7.891561714777609e+24,-4.433719594255416e+25,6.253511584706295e+25,1
